race_id,year,round,circuit_id,name,date,season_round
1,2009,1,1,Australian Grand Prix,2009-03-29,2009_R01
2,2009,2,2,Malaysian Grand Prix,2009-04-05,2009_R02
3,2009,3,17,Chinese Grand Prix,2009-04-19,2009_R03
4,2009,4,3,Bahrain Grand Prix,2009-04-26,2009_R04
5,2009,5,4,Spanish Grand Prix,2009-05-10,2009_R05
6,2009,6,6,Monaco Grand Prix,2009-05-24,2009_R06
7,2009,7,5,Turkish Grand Prix,2009-06-07,2009_R07
8,2009,8,9,British Grand Prix,2009-06-21,2009_R08
9,2009,9,20,German Grand Prix,2009-07-12,2009_R09
10,2009,10,11,Hungarian Grand Prix,2009-07-26,2009_R10
11,2009,11,12,European Grand Prix,2009-08-23,2009_R11
12,2009,12,13,Belgian Grand Prix,2009-08-30,2009_R12
13,2009,13,14,Italian Grand Prix,2009-09-13,2009_R13
14,2009,14,15,Singapore Grand Prix,2009-09-27,2009_R14
15,2009,15,22,Japanese Grand Prix,2009-10-04,2009_R15
16,2009,16,18,Brazilian Grand Prix,2009-10-18,2009_R16
17,2009,17,24,Abu Dhabi Grand Prix,2009-11-01,2009_R17
18,2008,1,1,Australian Grand Prix,2008-03-16,2008_R01
19,2008,2,2,Malaysian Grand Prix,2008-03-23,2008_R02
20,2008,3,3,Bahrain Grand Prix,2008-04-06,2008_R03
21,2008,4,4,Spanish Grand Prix,2008-04-27,2008_R04
22,2008,5,5,Turkish Grand Prix,2008-05-11,2008_R05
23,2008,6,6,Monaco Grand Prix,2008-05-25,2008_R06
24,2008,7,7,Canadian Grand Prix,2008-06-08,2008_R07
25,2008,8,8,French Grand Prix,2008-06-22,2008_R08
26,2008,9,9,British Grand Prix,2008-07-06,2008_R09
27,2008,10,10,German Grand Prix,2008-07-20,2008_R10
28,2008,11,11,Hungarian Grand Prix,2008-08-03,2008_R11
29,2008,12,12,European Grand Prix,2008-08-24,2008_R12
30,2008,13,13,Belgian Grand Prix,2008-09-07,2008_R13
31,2008,14,14,Italian Grand Prix,2008-09-14,2008_R14
32,2008,15,15,Singapore Grand Prix,2008-09-28,2008_R15
33,2008,16,16,Japanese Grand Prix,2008-10-12,2008_R16
34,2008,17,17,Chinese Grand Prix,2008-10-19,2008_R17
35,2008,18,18,Brazilian Grand Prix,2008-11-02,2008_R18
36,2007,1,1,Australian Grand Prix,2007-03-18,2007_R01
37,2007,2,2,Malaysian Grand Prix,2007-04-08,2007_R02
38,2007,3,3,Bahrain Grand Prix,2007-04-15,2007_R03
39,2007,4,4,Spanish Grand Prix,2007-05-13,2007_R04
40,2007,5,6,Monaco Grand Prix,2007-05-27,2007_R05
41,2007,6,7,Canadian Grand Prix,2007-06-10,2007_R06
42,2007,7,19,United States Grand Prix,2007-06-17,2007_R07
43,2007,8,8,French Grand Prix,2007-07-01,2007_R08
44,2007,9,9,British Grand Prix,2007-07-08,2007_R09
45,2007,10,20,European Grand Prix,2007-07-22,2007_R10
46,2007,11,11,Hungarian Grand Prix,2007-08-05,2007_R11
47,2007,12,5,Turkish Grand Prix,2007-08-26,2007_R12
48,2007,13,14,Italian Grand Prix,2007-09-09,2007_R13
49,2007,14,13,Belgian Grand Prix,2007-09-16,2007_R14
50,2007,15,16,Japanese Grand Prix,2007-09-30,2007_R15
51,2007,16,17,Chinese Grand Prix,2007-10-07,2007_R16
52,2007,17,18,Brazilian Grand Prix,2007-10-21,2007_R17
53,2006,1,3,Bahrain Grand Prix,2006-03-12,2006_R01
54,2006,2,2,Malaysian Grand Prix,2006-03-19,2006_R02
55,2006,3,1,Australian Grand Prix,2006-04-02,2006_R03
56,2006,4,21,San Marino Grand Prix,2006-04-23,2006_R04
57,2006,5,20,European Grand Prix,2006-05-07,2006_R05
58,2006,6,4,Spanish Grand Prix,2006-05-14,2006_R06
59,2006,7,6,Monaco Grand Prix,2006-05-28,2006_R07
60,2006,8,9,British Grand Prix,2006-06-11,2006_R08
61,2006,9,7,Canadian Grand Prix,2006-06-25,2006_R09
62,2006,10,19,United States Grand Prix,2006-07-02,2006_R10
63,2006,11,8,French Grand Prix,2006-07-16,2006_R11
64,2006,12,10,German Grand Prix,2006-07-30,2006_R12
65,2006,13,11,Hungarian Grand Prix,2006-08-06,2006_R13
66,2006,14,5,Turkish Grand Prix,2006-08-27,2006_R14
67,2006,15,14,Italian Grand Prix,2006-09-10,2006_R15
68,2006,16,17,Chinese Grand Prix,2006-10-01,2006_R16
69,2006,17,22,Japanese Grand Prix,2006-10-08,2006_R17
70,2006,18,18,Brazilian Grand Prix,2006-10-22,2006_R18
71,2005,1,1,Australian Grand Prix,2005-03-06,2005_R01
72,2005,2,2,Malaysian Grand Prix,2005-03-20,2005_R02
73,2005,3,3,Bahrain Grand Prix,2005-04-03,2005_R03
74,2005,4,21,San Marino Grand Prix,2005-04-24,2005_R04
75,2005,5,4,Spanish Grand Prix,2005-05-08,2005_R05
76,2005,6,6,Monaco Grand Prix,2005-05-22,2005_R06
77,2005,7,20,European Grand Prix,2005-05-29,2005_R07
78,2005,8,7,Canadian Grand Prix,2005-06-12,2005_R08
79,2005,9,19,United States Grand Prix,2005-06-19,2005_R09
80,2005,10,8,French Grand Prix,2005-07-03,2005_R10
81,2005,11,9,British Grand Prix,2005-07-10,2005_R11
82,2005,12,10,German Grand Prix,2005-07-24,2005_R12
83,2005,13,11,Hungarian Grand Prix,2005-07-31,2005_R13
84,2005,14,5,Turkish Grand Prix,2005-08-21,2005_R14
85,2005,15,14,Italian Grand Prix,2005-09-04,2005_R15
86,2005,16,13,Belgian Grand Prix,2005-09-11,2005_R16
87,2005,17,18,Brazilian Grand Prix,2005-09-25,2005_R17
88,2005,18,22,Japanese Grand Prix,2005-10-09,2005_R18
89,2005,19,17,Chinese Grand Prix,2005-10-16,2005_R19
90,2004,1,1,Australian Grand Prix,2004-03-07,2004_R01
91,2004,2,2,Malaysian Grand Prix,2004-03-21,2004_R02
92,2004,3,3,Bahrain Grand Prix,2004-04-04,2004_R03
93,2004,4,21,San Marino Grand Prix,2004-04-25,2004_R04
94,2004,5,4,Spanish Grand Prix,2004-05-09,2004_R05
95,2004,6,6,Monaco Grand Prix,2004-05-23,2004_R06
96,2004,7,20,European Grand Prix,2004-05-30,2004_R07
97,2004,8,7,Canadian Grand Prix,2004-06-13,2004_R08
98,2004,9,19,United States Grand Prix,2004-06-20,2004_R09
99,2004,10,8,French Grand Prix,2004-07-04,2004_R10
100,2004,11,9,British Grand Prix,2004-07-11,2004_R11
101,2004,12,10,German Grand Prix,2004-07-25,2004_R12
102,2004,13,11,Hungarian Grand Prix,2004-08-15,2004_R13
103,2004,14,13,Belgian Grand Prix,2004-08-29,2004_R14
104,2004,15,14,Italian Grand Prix,2004-09-12,2004_R15
105,2004,16,17,Chinese Grand Prix,2004-09-26,2004_R16
106,2004,17,22,Japanese Grand Prix,2004-10-10,2004_R17
107,2004,18,18,Brazilian Grand Prix,2004-10-24,2004_R18
108,2003,1,1,Australian Grand Prix,2003-03-09,2003_R01
109,2003,2,2,Malaysian Grand Prix,2003-03-23,2003_R02
110,2003,3,18,Brazilian Grand Prix,2003-04-06,2003_R03
111,2003,4,21,San Marino Grand Prix,2003-04-20,2003_R04
112,2003,5,4,Spanish Grand Prix,2003-05-04,2003_R05
113,2003,6,70,Austrian Grand Prix,2003-05-18,2003_R06
114,2003,7,6,Monaco Grand Prix,2003-06-01,2003_R07
115,2003,8,7,Canadian Grand Prix,2003-06-15,2003_R08
116,2003,9,20,European Grand Prix,2003-06-29,2003_R09
117,2003,10,8,French Grand Prix,2003-07-06,2003_R10
118,2003,11,9,British Grand Prix,2003-07-20,2003_R11
119,2003,12,10,German Grand Prix,2003-08-03,2003_R12
120,2003,13,11,Hungarian Grand Prix,2003-08-24,2003_R13
121,2003,14,14,Italian Grand Prix,2003-09-14,2003_R14
122,2003,15,19,United States Grand Prix,2003-09-28,2003_R15
123,2003,16,22,Japanese Grand Prix,2003-10-12,2003_R16
124,2002,1,1,Australian Grand Prix,2002-03-03,2002_R01
125,2002,2,2,Malaysian Grand Prix,2002-03-17,2002_R02
126,2002,3,18,Brazilian Grand Prix,2002-03-31,2002_R03
127,2002,4,21,San Marino Grand Prix,2002-04-14,2002_R04
128,2002,5,4,Spanish Grand Prix,2002-04-28,2002_R05
129,2002,6,70,Austrian Grand Prix,2002-05-12,2002_R06
130,2002,7,6,Monaco Grand Prix,2002-05-26,2002_R07
131,2002,8,7,Canadian Grand Prix,2002-06-09,2002_R08
132,2002,9,20,European Grand Prix,2002-06-23,2002_R09
133,2002,10,9,British Grand Prix,2002-07-07,2002_R10
134,2002,11,8,French Grand Prix,2002-07-21,2002_R11
135,2002,12,10,German Grand Prix,2002-07-28,2002_R12
136,2002,13,11,Hungarian Grand Prix,2002-08-18,2002_R13
137,2002,14,13,Belgian Grand Prix,2002-09-01,2002_R14
138,2002,15,14,Italian Grand Prix,2002-09-15,2002_R15
139,2002,16,19,United States Grand Prix,2002-09-29,2002_R16
140,2002,17,22,Japanese Grand Prix,2002-10-13,2002_R17
141,2001,1,1,Australian Grand Prix,2001-03-04,2001_R01
142,2001,2,2,Malaysian Grand Prix,2001-03-18,2001_R02
143,2001,3,18,Brazilian Grand Prix,2001-04-01,2001_R03
144,2001,4,21,San Marino Grand Prix,2001-04-15,2001_R04
145,2001,5,4,Spanish Grand Prix,2001-04-29,2001_R05
146,2001,6,70,Austrian Grand Prix,2001-05-13,2001_R06
147,2001,7,6,Monaco Grand Prix,2001-05-27,2001_R07
148,2001,8,7,Canadian Grand Prix,2001-06-10,2001_R08
149,2001,9,20,European Grand Prix,2001-06-24,2001_R09
150,2001,10,8,French Grand Prix,2001-07-01,2001_R10
151,2001,11,9,British Grand Prix,2001-07-15,2001_R11
152,2001,12,10,German Grand Prix,2001-07-29,2001_R12
153,2001,13,11,Hungarian Grand Prix,2001-08-19,2001_R13
154,2001,14,13,Belgian Grand Prix,2001-09-02,2001_R14
155,2001,15,14,Italian Grand Prix,2001-09-16,2001_R15
156,2001,16,19,United States Grand Prix,2001-09-30,2001_R16
157,2001,17,22,Japanese Grand Prix,2001-10-14,2001_R17
158,2000,1,1,Australian Grand Prix,2000-03-12,2000_R01
159,2000,2,18,Brazilian Grand Prix,2000-03-26,2000_R02
160,2000,3,21,San Marino Grand Prix,2000-04-09,2000_R03
161,2000,4,9,British Grand Prix,2000-04-23,2000_R04
162,2000,5,4,Spanish Grand Prix,2000-05-07,2000_R05
163,2000,6,20,European Grand Prix,2000-05-21,2000_R06
164,2000,7,6,Monaco Grand Prix,2000-06-04,2000_R07
165,2000,8,7,Canadian Grand Prix,2000-06-18,2000_R08
166,2000,9,8,French Grand Prix,2000-07-02,2000_R09
167,2000,10,70,Austrian Grand Prix,2000-07-16,2000_R10
168,2000,11,10,German Grand Prix,2000-07-30,2000_R11
169,2000,12,11,Hungarian Grand Prix,2000-08-13,2000_R12
170,2000,13,13,Belgian Grand Prix,2000-08-27,2000_R13
171,2000,14,14,Italian Grand Prix,2000-09-10,2000_R14
172,2000,15,19,United States Grand Prix,2000-09-24,2000_R15
173,2000,16,22,Japanese Grand Prix,2000-10-08,2000_R16
174,2000,17,2,Malaysian Grand Prix,2000-10-22,2000_R17
337,2010,1,3,Bahrain Grand Prix,2010-03-14,2010_R01
338,2010,2,1,Australian Grand Prix,2010-03-28,2010_R02
339,2010,3,2,Malaysian Grand Prix,2010-04-04,2010_R03
340,2010,4,17,Chinese Grand Prix,2010-04-18,2010_R04
341,2010,5,4,Spanish Grand Prix,2010-05-09,2010_R05
342,2010,6,6,Monaco Grand Prix,2010-05-16,2010_R06
343,2010,7,5,Turkish Grand Prix,2010-05-30,2010_R07
344,2010,8,7,Canadian Grand Prix,2010-06-13,2010_R08
345,2010,9,12,European Grand Prix,2010-06-27,2010_R09
346,2010,10,9,British Grand Prix,2010-07-11,2010_R10
347,2010,11,10,German Grand Prix,2010-07-25,2010_R11
348,2010,12,11,Hungarian Grand Prix,2010-08-01,2010_R12
349,2010,13,13,Belgian Grand Prix,2010-08-29,2010_R13
350,2010,14,14,Italian Grand Prix,2010-09-12,2010_R14
351,2010,15,15,Singapore Grand Prix,2010-09-26,2010_R15
352,2010,16,22,Japanese Grand Prix,2010-10-10,2010_R16
353,2010,17,35,Korean Grand Prix,2010-10-24,2010_R17
354,2010,18,18,Brazilian Grand Prix,2010-11-07,2010_R18
355,2010,19,24,Abu Dhabi Grand Prix,2010-11-14,2010_R19
841,2011,1,1,Australian Grand Prix,2011-03-27,2011_R01
842,2011,2,2,Malaysian Grand Prix,2011-04-10,2011_R02
843,2011,3,17,Chinese Grand Prix,2011-04-17,2011_R03
844,2011,4,5,Turkish Grand Prix,2011-05-08,2011_R04
845,2011,5,4,Spanish Grand Prix,2011-05-22,2011_R05
846,2011,6,6,Monaco Grand Prix,2011-05-29,2011_R06
847,2011,7,7,Canadian Grand Prix,2011-06-12,2011_R07
848,2011,8,12,European Grand Prix,2011-06-26,2011_R08
849,2011,9,9,British Grand Prix,2011-07-10,2011_R09
850,2011,10,20,German Grand Prix,2011-07-24,2011_R10
851,2011,11,11,Hungarian Grand Prix,2011-07-31,2011_R11
852,2011,12,13,Belgian Grand Prix,2011-08-28,2011_R12
853,2011,13,14,Italian Grand Prix,2011-09-11,2011_R13
854,2011,14,15,Singapore Grand Prix,2011-09-25,2011_R14
855,2011,15,22,Japanese Grand Prix,2011-10-09,2011_R15
856,2011,16,35,Korean Grand Prix,2011-10-16,2011_R16
857,2011,17,68,Indian Grand Prix,2011-10-30,2011_R17
858,2011,18,24,Abu Dhabi Grand Prix,2011-11-13,2011_R18
859,2011,19,18,Brazilian Grand Prix,2011-11-27,2011_R19
860,2012,1,1,Australian Grand Prix,2012-03-18,2012_R01
861,2012,2,2,Malaysian Grand Prix,2012-03-25,2012_R02
862,2012,3,17,Chinese Grand Prix,2012-04-15,2012_R03
863,2012,4,3,Bahrain Grand Prix,2012-04-22,2012_R04
864,2012,5,4,Spanish Grand Prix,2012-05-13,2012_R05
865,2012,6,6,Monaco Grand Prix,2012-05-27,2012_R06
866,2012,7,7,Canadian Grand Prix,2012-06-10,2012_R07
867,2012,8,12,European Grand Prix,2012-06-24,2012_R08
868,2012,9,9,British Grand Prix,2012-07-08,2012_R09
869,2012,10,10,German Grand Prix,2012-07-22,2012_R10
870,2012,11,11,Hungarian Grand Prix,2012-07-29,2012_R11
871,2012,12,13,Belgian Grand Prix,2012-09-02,2012_R12
872,2012,13,14,Italian Grand Prix,2012-09-09,2012_R13
873,2012,14,15,Singapore Grand Prix,2012-09-23,2012_R14
874,2012,15,22,Japanese Grand Prix,2012-10-07,2012_R15
875,2012,16,35,Korean Grand Prix,2012-10-14,2012_R16
876,2012,17,68,Indian Grand Prix,2012-10-28,2012_R17
877,2012,18,24,Abu Dhabi Grand Prix,2012-11-04,2012_R18
878,2012,19,69,United States Grand Prix,2012-11-18,2012_R19
879,2012,20,18,Brazilian Grand Prix,2012-11-25,2012_R20
880,2013,1,1,Australian Grand Prix,2013-03-17,2013_R01
881,2013,2,2,Malaysian Grand Prix,2013-03-24,2013_R02
882,2013,3,17,Chinese Grand Prix,2013-04-14,2013_R03
883,2013,4,3,Bahrain Grand Prix,2013-04-21,2013_R04
884,2013,5,4,Spanish Grand Prix,2013-05-12,2013_R05
885,2013,6,6,Monaco Grand Prix,2013-05-26,2013_R06
886,2013,7,7,Canadian Grand Prix,2013-06-09,2013_R07
887,2013,8,9,British Grand Prix,2013-06-30,2013_R08
888,2013,9,20,German Grand Prix,2013-07-07,2013_R09
890,2013,10,11,Hungarian Grand Prix,2013-07-28,2013_R10
891,2013,11,13,Belgian Grand Prix,2013-08-25,2013_R11
892,2013,12,14,Italian Grand Prix,2013-09-08,2013_R12
893,2013,13,15,Singapore Grand Prix,2013-09-22,2013_R13
894,2013,14,35,Korean Grand Prix,2013-10-06,2013_R14
895,2013,15,22,Japanese Grand Prix,2013-10-13,2013_R15
896,2013,16,68,Indian Grand Prix,2013-10-27,2013_R16
897,2013,17,24,Abu Dhabi Grand Prix,2013-11-03,2013_R17
898,2013,18,69,United States Grand Prix,2013-11-17,2013_R18
899,2013,19,18,Brazilian Grand Prix,2013-11-24,2013_R19
900,2014,1,1,Australian Grand Prix,2014-03-16,2014_R01
901,2014,2,2,Malaysian Grand Prix,2014-03-30,2014_R02
902,2014,3,3,Bahrain Grand Prix,2014-04-06,2014_R03
903,2014,4,17,Chinese Grand Prix,2014-04-20,2014_R04
904,2014,5,4,Spanish Grand Prix,2014-05-11,2014_R05
905,2014,6,6,Monaco Grand Prix,2014-05-25,2014_R06
906,2014,7,7,Canadian Grand Prix,2014-06-08,2014_R07
907,2014,8,70,Austrian Grand Prix,2014-06-22,2014_R08
908,2014,9,9,British Grand Prix,2014-07-06,2014_R09
909,2014,10,10,German Grand Prix,2014-07-20,2014_R10
910,2014,11,11,Hungarian Grand Prix,2014-07-27,2014_R11
911,2014,12,13,Belgian Grand Prix,2014-08-24,2014_R12
912,2014,13,14,Italian Grand Prix,2014-09-07,2014_R13
913,2014,14,15,Singapore Grand Prix,2014-09-21,2014_R14
914,2014,15,22,Japanese Grand Prix,2014-10-05,2014_R15
915,2014,16,71,Russian Grand Prix,2014-10-12,2014_R16
916,2014,17,69,United States Grand Prix,2014-11-02,2014_R17
917,2014,18,18,Brazilian Grand Prix,2014-11-09,2014_R18
918,2014,19,24,Abu Dhabi Grand Prix,2014-11-23,2014_R19
931,2015,6,6,Monaco Grand Prix,2015-05-24,2015_R06
932,2015,7,7,Canadian Grand Prix,2015-06-07,2015_R07
929,2015,4,3,Bahrain Grand Prix,2015-04-19,2015_R04
930,2015,5,4,Spanish Grand Prix,2015-05-10,2015_R05
928,2015,3,17,Chinese Grand Prix,2015-04-12,2015_R03
926,2015,1,1,Australian Grand Prix,2015-03-15,2015_R01
927,2015,2,2,Malaysian Grand Prix,2015-03-29,2015_R02
933,2015,8,70,Austrian Grand Prix,2015-06-21,2015_R08
934,2015,9,9,British Grand Prix,2015-07-05,2015_R09
936,2015,10,11,Hungarian Grand Prix,2015-07-26,2015_R10
937,2015,11,13,Belgian Grand Prix,2015-08-23,2015_R11
938,2015,12,14,Italian Grand Prix,2015-09-06,2015_R12
939,2015,13,15,Singapore Grand Prix,2015-09-20,2015_R13
940,2015,14,22,Japanese Grand Prix,2015-09-27,2015_R14
941,2015,15,71,Russian Grand Prix,2015-10-11,2015_R15
942,2015,16,69,United States Grand Prix,2015-10-25,2015_R16
943,2015,17,32,Mexican Grand Prix,2015-11-01,2015_R17
944,2015,18,18,Brazilian Grand Prix,2015-11-15,2015_R18
945,2015,19,24,Abu Dhabi Grand Prix,2015-11-29,2015_R19
948,2016,1,1,Australian Grand Prix,2016-03-20,2016_R01
949,2016,2,3,Bahrain Grand Prix,2016-04-03,2016_R02
950,2016,3,17,Chinese Grand Prix,2016-04-17,2016_R03
951,2016,4,71,Russian Grand Prix,2016-05-01,2016_R04
952,2016,5,4,Spanish Grand Prix,2016-05-15,2016_R05
953,2016,6,6,Monaco Grand Prix,2016-05-29,2016_R06
954,2016,7,7,Canadian Grand Prix,2016-06-12,2016_R07
955,2016,8,73,European Grand Prix,2016-06-19,2016_R08
956,2016,9,70,Austrian Grand Prix,2016-07-03,2016_R09
957,2016,10,9,British Grand Prix,2016-07-10,2016_R10
958,2016,11,11,Hungarian Grand Prix,2016-07-24,2016_R11
959,2016,12,10,German Grand Prix,2016-07-31,2016_R12
960,2016,13,13,Belgian Grand Prix,2016-08-28,2016_R13
961,2016,14,14,Italian Grand Prix,2016-09-04,2016_R14
962,2016,15,15,Singapore Grand Prix,2016-09-18,2016_R15
963,2016,16,2,Malaysian Grand Prix,2016-10-02,2016_R16
964,2016,17,22,Japanese Grand Prix,2016-10-09,2016_R17
965,2016,18,69,United States Grand Prix,2016-10-23,2016_R18
966,2016,19,32,Mexican Grand Prix,2016-10-30,2016_R19
967,2016,20,18,Brazilian Grand Prix,2016-11-13,2016_R20
968,2016,21,24,Abu Dhabi Grand Prix,2016-11-27,2016_R21
969,2017,1,1,Australian Grand Prix,2017-03-26,2017_R01
970,2017,2,17,Chinese Grand Prix,2017-04-09,2017_R02
971,2017,3,3,Bahrain Grand Prix,2017-04-16,2017_R03
972,2017,4,71,Russian Grand Prix,2017-04-30,2017_R04
973,2017,5,4,Spanish Grand Prix,2017-05-14,2017_R05
974,2017,6,6,Monaco Grand Prix,2017-05-28,2017_R06
975,2017,7,7,Canadian Grand Prix,2017-06-11,2017_R07
976,2017,8,73,Azerbaijan Grand Prix,2017-06-25,2017_R08
977,2017,9,70,Austrian Grand Prix,2017-07-09,2017_R09
978,2017,10,9,British Grand Prix,2017-07-16,2017_R10
979,2017,11,11,Hungarian Grand Prix,2017-07-30,2017_R11
980,2017,12,13,Belgian Grand Prix,2017-08-27,2017_R12
981,2017,13,14,Italian Grand Prix,2017-09-03,2017_R13
982,2017,14,15,Singapore Grand Prix,2017-09-17,2017_R14
983,2017,15,2,Malaysian Grand Prix,2017-10-01,2017_R15
984,2017,16,22,Japanese Grand Prix,2017-10-08,2017_R16
985,2017,17,69,United States Grand Prix,2017-10-22,2017_R17
986,2017,18,32,Mexican Grand Prix,2017-10-29,2017_R18
987,2017,19,18,Brazilian Grand Prix,2017-11-12,2017_R19
988,2017,20,24,Abu Dhabi Grand Prix,2017-11-26,2017_R20
989,2018,1,1,Australian Grand Prix,2018-03-25,2018_R01
990,2018,2,3,Bahrain Grand Prix,2018-04-08,2018_R02
991,2018,3,17,Chinese Grand Prix,2018-04-15,2018_R03
992,2018,4,73,Azerbaijan Grand Prix,2018-04-29,2018_R04
993,2018,5,4,Spanish Grand Prix,2018-05-13,2018_R05
994,2018,6,6,Monaco Grand Prix,2018-05-27,2018_R06
995,2018,7,7,Canadian Grand Prix,2018-06-10,2018_R07
996,2018,8,34,French Grand Prix,2018-06-24,2018_R08
997,2018,9,70,Austrian Grand Prix,2018-07-01,2018_R09
998,2018,10,9,British Grand Prix,2018-07-08,2018_R10
999,2018,11,10,German Grand Prix,2018-07-22,2018_R11
1000,2018,12,11,Hungarian Grand Prix,2018-07-29,2018_R12
1001,2018,13,13,Belgian Grand Prix,2018-08-26,2018_R13
1002,2018,14,14,Italian Grand Prix,2018-09-02,2018_R14
1003,2018,15,15,Singapore Grand Prix,2018-09-16,2018_R15
1004,2018,16,71,Russian Grand Prix,2018-09-30,2018_R16
1005,2018,17,22,Japanese Grand Prix,2018-10-07,2018_R17
1006,2018,18,69,United States Grand Prix,2018-10-21,2018_R18
1007,2018,19,32,Mexican Grand Prix,2018-10-28,2018_R19
1008,2018,20,18,Brazilian Grand Prix,2018-11-11,2018_R20
1009,2018,21,24,Abu Dhabi Grand Prix,2018-11-25,2018_R21
1010,2019,1,1,Australian Grand Prix,2019-03-17,2019_R01
1011,2019,2,3,Bahrain Grand Prix,2019-03-31,2019_R02
1012,2019,3,17,Chinese Grand Prix,2019-04-14,2019_R03
1013,2019,4,73,Azerbaijan Grand Prix,2019-04-28,2019_R04
1014,2019,5,4,Spanish Grand Prix,2019-05-12,2019_R05
1015,2019,6,6,Monaco Grand Prix,2019-05-26,2019_R06
1016,2019,7,7,Canadian Grand Prix,2019-06-09,2019_R07
1017,2019,8,34,French Grand Prix,2019-06-23,2019_R08
1018,2019,9,70,Austrian Grand Prix,2019-06-30,2019_R09
1019,2019,10,9,British Grand Prix,2019-07-14,2019_R10
1020,2019,11,10,German Grand Prix,2019-07-28,2019_R11
1021,2019,12,11,Hungarian Grand Prix,2019-08-04,2019_R12
1022,2019,13,13,Belgian Grand Prix,2019-09-01,2019_R13
1023,2019,14,14,Italian Grand Prix,2019-09-08,2019_R14
1024,2019,15,15,Singapore Grand Prix,2019-09-22,2019_R15
1025,2019,16,71,Russian Grand Prix,2019-09-29,2019_R16
1026,2019,17,22,Japanese Grand Prix,2019-10-13,2019_R17
1027,2019,18,32,Mexican Grand Prix,2019-10-27,2019_R18
1028,2019,19,69,United States Grand Prix,2019-11-03,2019_R19
1029,2019,20,18,Brazilian Grand Prix,2019-11-17,2019_R20
1030,2019,21,24,Abu Dhabi Grand Prix,2019-12-01,2019_R21
1031,2020,1,70,Austrian Grand Prix,2020-07-05,2020_R01
1032,2020,2,70,Styrian Grand Prix,2020-07-12,2020_R02
1033,2020,3,11,Hungarian Grand Prix,2020-07-19,2020_R03
1034,2020,4,9,British Grand Prix,2020-08-02,2020_R04
1035,2020,5,9,70th Anniversary Grand Prix,2020-08-09,2020_R05
1036,2020,6,4,Spanish Grand Prix,2020-08-16,2020_R06
1037,2020,7,13,Belgian Grand Prix,2020-08-30,2020_R07
1038,2020,8,14,Italian Grand Prix,2020-09-06,2020_R08
1039,2020,9,76,Tuscan Grand Prix,2020-09-13,2020_R09
1040,2020,10,71,Russian Grand Prix,2020-09-27,2020_R10
1041,2020,11,20,Eifel Grand Prix,2020-10-11,2020_R11
1042,2020,12,75,Portuguese Grand Prix,2020-10-25,2020_R12
1043,2020,13,21,Emilia Romagna Grand Prix,2020-11-01,2020_R13
1044,2020,14,5,Turkish Grand Prix,2020-11-15,2020_R14
1045,2020,15,3,Bahrain Grand Prix,2020-11-29,2020_R15
1046,2020,16,3,Sakhir Grand Prix,2020-12-06,2020_R16
1047,2020,17,24,Abu Dhabi Grand Prix,2020-12-13,2020_R17
1053,2021,2,21,Emilia Romagna Grand Prix,2021-04-18,2021_R02
1074,2022,1,3,Bahrain Grand Prix,2022-03-20,2022_R01
1052,2021,1,3,Bahrain Grand Prix,2021-03-28,2021_R01
1051,2021,20,78,Qatar Grand Prix,2021-11-21,2021_R20
1054,2021,3,75,Portuguese Grand Prix,2021-05-02,2021_R03
1055,2021,4,4,Spanish Grand Prix,2021-05-09,2021_R04
1056,2021,5,6,Monaco Grand Prix,2021-05-23,2021_R05
1057,2021,6,73,Azerbaijan Grand Prix,2021-06-06,2021_R06
1058,2021,8,70,Styrian Grand Prix,2021-06-27,2021_R08
1059,2021,7,34,French Grand Prix,2021-06-20,2021_R07
1060,2021,9,70,Austrian Grand Prix,2021-07-04,2021_R09
1061,2021,10,9,British Grand Prix,2021-07-18,2021_R10
1062,2021,11,11,Hungarian Grand Prix,2021-08-01,2021_R11
1063,2021,12,13,Belgian Grand Prix,2021-08-29,2021_R12
1064,2021,13,39,Dutch Grand Prix,2021-09-05,2021_R13
1065,2021,14,14,Italian Grand Prix,2021-09-12,2021_R14
1066,2021,15,71,Russian Grand Prix,2021-09-26,2021_R15
1067,2021,16,5,Turkish Grand Prix,2021-10-10,2021_R16
1069,2021,17,69,United States Grand Prix,2021-10-24,2021_R17
1070,2021,18,32,Mexico City Grand Prix,2021-11-07,2021_R18
1071,2021,19,18,São Paulo Grand Prix,2021-11-14,2021_R19
1072,2021,21,77,Saudi Arabian Grand Prix,2021-12-05,2021_R21
1073,2021,22,24,Abu Dhabi Grand Prix,2021-12-12,2021_R22
1075,2022,2,77,Saudi Arabian Grand Prix,2022-03-27,2022_R02
1076,2022,3,1,Australian Grand Prix,2022-04-10,2022_R03
1077,2022,4,21,Emilia Romagna Grand Prix,2022-04-24,2022_R04
1078,2022,5,79,Miami Grand Prix,2022-05-08,2022_R05
1079,2022,6,4,Spanish Grand Prix,2022-05-22,2022_R06
1080,2022,7,6,Monaco Grand Prix,2022-05-29,2022_R07
1081,2022,8,73,Azerbaijan Grand Prix,2022-06-12,2022_R08
1082,2022,9,7,Canadian Grand Prix,2022-06-19,2022_R09
1083,2022,10,9,British Grand Prix,2022-07-03,2022_R10
1084,2022,11,70,Austrian Grand Prix,2022-07-10,2022_R11
1085,2022,12,34,French Grand Prix,2022-07-24,2022_R12
1086,2022,13,11,Hungarian Grand Prix,2022-07-31,2022_R13
1087,2022,14,13,Belgian Grand Prix,2022-08-28,2022_R14
1088,2022,15,39,Dutch Grand Prix,2022-09-04,2022_R15
1089,2022,16,14,Italian Grand Prix,2022-09-11,2022_R16
1091,2022,17,15,Singapore Grand Prix,2022-10-02,2022_R17
1092,2022,18,22,Japanese Grand Prix,2022-10-09,2022_R18
1093,2022,19,69,United States Grand Prix,2022-10-23,2022_R19
1094,2022,20,32,Mexico City Grand Prix,2022-10-30,2022_R20
1095,2022,21,18,São Paulo Grand Prix,2022-11-13,2022_R21
1096,2022,22,24,Abu Dhabi Grand Prix,2022-11-20,2022_R22
1098,2023,1,3,Bahrain Grand Prix,2023-03-05,2023_R01
1099,2023,2,77,Saudi Arabian Grand Prix,2023-03-19,2023_R02
1100,2023,3,1,Australian Grand Prix,2023-04-02,2023_R03
1101,2023,4,73,Azerbaijan Grand Prix,2023-04-30,2023_R04
1102,2023,5,79,Miami Grand Prix,2023-05-07,2023_R05
1104,2023,6,6,Monaco Grand Prix,2023-05-28,2023_R06
1105,2023,7,4,Spanish Grand Prix,2023-06-04,2023_R07
1106,2023,8,7,Canadian Grand Prix,2023-06-18,2023_R08
1107,2023,9,70,Austrian Grand Prix,2023-07-02,2023_R09
1108,2023,10,9,British Grand Prix,2023-07-09,2023_R10
1109,2023,11,11,Hungarian Grand Prix,2023-07-23,2023_R11
1110,2023,12,13,Belgian Grand Prix,2023-07-30,2023_R12
1111,2023,13,39,Dutch Grand Prix,2023-08-27,2023_R13
1112,2023,14,14,Italian Grand Prix,2023-09-03,2023_R14
1113,2023,15,15,Singapore Grand Prix,2023-09-17,2023_R15
1114,2023,16,22,Japanese Grand Prix,2023-09-24,2023_R16
1115,2023,17,78,Qatar Grand Prix,2023-10-08,2023_R17
1116,2023,18,69,United States Grand Prix,2023-10-22,2023_R18
1117,2023,19,32,Mexico City Grand Prix,2023-10-29,2023_R19
1118,2023,20,18,São Paulo Grand Prix,2023-11-05,2023_R20
1119,2023,21,80,Las Vegas Grand Prix,2023-11-19,2023_R21
1120,2023,22,24,Abu Dhabi Grand Prix,2023-11-26,2023_R22
1121,2024,1,3,Bahrain Grand Prix,2024-03-02,2024_R01
1122,2024,2,77,Saudi Arabian Grand Prix,2024-03-09,2024_R02
1123,2024,3,1,Australian Grand Prix,2024-03-24,2024_R03
1124,2024,4,22,Japanese Grand Prix,2024-04-07,2024_R04
1125,2024,5,17,Chinese Grand Prix,2024-04-21,2024_R05
1126,2024,6,79,Miami Grand Prix,2024-05-05,2024_R06
1127,2024,7,21,Emilia Romagna Grand Prix,2024-05-19,2024_R07
1128,2024,8,6,Monaco Grand Prix,2024-05-26,2024_R08
1129,2024,9,7,Canadian Grand Prix,2024-06-09,2024_R09
1130,2024,10,4,Spanish Grand Prix,2024-06-23,2024_R10
1131,2024,11,70,Austrian Grand Prix,2024-06-30,2024_R11
1132,2024,12,9,British Grand Prix,2024-07-07,2024_R12
1133,2024,13,11,Hungarian Grand Prix,2024-07-21,2024_R13
1134,2024,14,13,Belgian Grand Prix,2024-07-28,2024_R14
1135,2024,15,39,Dutch Grand Prix,2024-08-25,2024_R15
1136,2024,16,14,Italian Grand Prix,2024-09-01,2024_R16
1137,2024,17,73,Azerbaijan Grand Prix,2024-09-15,2024_R17
1138,2024,18,15,Singapore Grand Prix,2024-09-22,2024_R18
1139,2024,19,69,United States Grand Prix,2024-10-20,2024_R19
1140,2024,20,32,Mexico City Grand Prix,2024-10-27,2024_R20
1141,2024,21,18,São Paulo Grand Prix,2024-11-03,2024_R21
1142,2024,22,80,Las Vegas Grand Prix,2024-11-23,2024_R22
1143,2024,23,78,Qatar Grand Prix,2024-12-01,2024_R23
1144,2024,24,24,Abu Dhabi Grand Prix,2024-12-08,2024_R24
